episode_index,dim,name,rmse,max_abs_change,first_diff_var_before,first_diff_var_after,first_diff_var_reduction,rmse_over_std,applied,note
0,0,main_shoulder_pan,0.03212959683420419,0.15066964285711038,0.47588251352383376,0.47108566498697446,0.01007990081698822,0.0012340987740940598,True,
0,1,main_shoulder_lift,0.028143325976802195,0.13560267857145902,0.6030430067453952,0.5988334029860581,0.006980602896062426,0.0010233419977352311,True,
0,2,main_elbow_flex,0.024490517298101633,0.09793526785716011,0.1859225744134757,0.18285714164080885,0.016487684630751707,0.0019113721297671186,True,
0,3,main_wrist_flex,0.026005575511742235,0.09793526785711748,0.29157807777745753,0.28823936027828617,0.011450509327109244,0.001614625953228048,True,
0,4,main_wrist_roll,0.07753937858952788,0.32393973214281857,0.10310779887904964,0.07728489789118909,0.25044566239021404,0.01514144559413649,True,
0,5,main_gripper,0.0,0.0,,,,,False,gripper_excluded
1,0,main_shoulder_pan,0.03577853282337467,0.17327008928567977,0.4807185084654642,0.4759011574575,0.010021147351580073,0.0013817162488240914,True,
1,1,main_shoulder_lift,0.02850854472015558,0.14313616071432023,0.5131423971045145,0.5087665150780907,0.008527617384794938,0.0009658711641490176,True,
1,2,main_elbow_flex,0.025646769999523554,0.10546874999997158,0.21384523052730192,0.21091212325280947,0.013716028490604906,0.0014563743018875704,True,
1,3,main_wrist_flex,0.024366521854566038,0.07533482142859071,0.25910080492902887,0.2563166903976183,0.010745294798189423,0.001263954119335845,True,
1,4,main_wrist_roll,0.06628008062310022,0.2787388392856798,0.1396752036125245,0.12021913330548693,0.13929509178315574,0.009685155026670238,True,
1,5,main_gripper,0.0,0.0,,,,,False,gripper_excluded
2,0,main_shoulder_pan,0.03850823344185171,0.14313616071428115,0.5588631043787315,0.5526503956225027,0.011116691561049217,0.0015261097827030138,True,
2,1,main_shoulder_lift,0.03579489505407552,0.15066964285718143,0.5209326975625137,0.5142574738101454,0.012813984961209383,0.0014131113475631812,True,
2,2,main_elbow_flex,0.02581562548085032,0.12053571428575083,0.19499949605085462,0.19201482050079546,0.015306068018148995,0.0022284551661730895,True,
2,3,main_wrist_flex,0.02650774534713016,0.2260044642857011,0.2599126471929712,0.25652261634856,0.013042962245289587,0.0017611774528138644,True,
2,4,main_wrist_roll,0.07935994380329382,0.39174107142861203,0.10213708682820771,0.07624798600368261,0.25347404775769633,0.0181343701245807,True,
2,5,main_gripper,0.0,0.0,,,,,False,gripper_excluded
3,0,main_shoulder_pan,0.02833734950912064,0.1205357142857153,0.5268186740041869,0.5236629140563115,0.005990220361570449,0.0010627126999103666,True,
3,1,main_shoulder_lift,0.03282522129033422,0.13560267857140218,0.6785877641425075,0.672736470635411,0.008622751272991948,0.0010960469582302064,True,
3,2,main_elbow_flex,0.03165735015300359,0.12806919642859071,0.20655822864653736,0.20200401137386714,0.0220481038325682,0.0021121910340908554,True,
3,3,main_wrist_flex,0.030318981021655964,0.10546874999997158,0.3856780669187007,0.3813863282064375,0.01112777489928645,0.0017200104517604753,True,
3,4,main_wrist_roll,0.05776666882298922,0.29380580357147323,0.07618299515539095,0.06129036825629268,0.19548492243868446,0.012739571631916639,True,
3,5,main_gripper,0.0,0.0,,,,,False,gripper_excluded
4,0,main_shoulder_pan,0.03433800347020478,0.13560267857142794,0.5369979804754257,0.5315263304180023,0.01018933079148467,0.0012311875614099451,True,
4,1,main_shoulder_lift,0.03518665347763953,0.18833705357145902,0.535132884979248,0.5290318049216752,0.011401056127973541,0.0015826146770544103,True,
4,2,main_elbow_flex,0.02738290715173824,0.10546874999997158,0.23429203033447266,0.23028950010027177,0.0170835099618494,0.002909658347048555,True,
4,3,main_wrist_flex,0.028665669713099896,0.15066964285711038,0.29034864842891683,0.2867949426295803,0.012239443229943527,0.00196400975276723,True,
4,4,main_wrist_roll,0.05855130045038,0.21847098214290384,0.11358832776546478,0.09779379799852553,0.13905064083302224,0.013669522052009525,True,
4,5,main_gripper,0.0,0.0,,,,,False,gripper_excluded
5,0,main_shoulder_pan,0.031295020846845975,0.13560267857142905,0.7164463328253668,0.7105319971160658,0.008255099423814923,0.0012039343619800061,True,
5,1,main_shoulder_lift,0.034915252430458864,0.18080357142859782,0.6369755558521822,0.6305198217324588,0.010134979373088493,0.001414945516594527,True,
5,2,main_elbow_flex,0.022408098705716337,0.09040178571431312,0.1688506042653373,0.16641037085224866,0.014452026533787058,0.0020943498256644024,True,
5,3,main_wrist_flex,0.023742069139083114,0.08286830357145902,0.36588649429693426,0.363025139213005,0.007820335345876792,0.0014931268661109688,True,
5,4,main_wrist_roll,0.05948752589746007,0.32393973214281857,0.10990860429489849,0.09348614978039729,0.1494191889693886,0.009559356696050302,True,
5,5,main_gripper,0.0,0.0,,,,,False,gripper_excluded
6,0,main_shoulder_pan,0.03401478112407263,0.1431361607142989,0.6980203427896401,0.6921747474103745,0.008374534409561199,0.0012684314385407445,True,
6,1,main_shoulder_lift,0.030976779949924066,0.12053571428575083,0.8001638262459402,0.7951481689474112,0.006268287985549732,0.0010982623580405445,True,
6,2,main_elbow_flex,0.027508387374701522,0.10546875000002132,0.20739683944187806,0.2034475925290727,0.019041982141256814,0.0020667353811187916,True,
6,3,main_wrist_flex,0.02814820283891105,0.11300223214290384,0.39387508980358904,0.3893213240275194,0.011561446493964457,0.0017905027649136136,True,
6,4,main_wrist_roll,0.07801971118289827,0.36160714285718143,0.10604213063967619,0.08216905580480828,0.22512820791942553,0.02006294317415286,True,
6,5,main_gripper,0.0,0.0,,,,,False,gripper_excluded
7,0,main_shoulder_pan,0.029739651027971763,0.1280691964285836,0.7341187488789459,0.7285651359891745,0.007565006204040136,0.001190005981865473,True,
7,1,main_shoulder_lift,0.027408281597874843,0.12053571428567977,0.9454882259758152,0.9405257127722907,0.005248625067121052,0.0008914171716764741,True,
7,2,main_elbow_flex,0.02543787020805608,0.13560267857145902,0.2458239964076451,0.24254127435711992,0.013353952821926748,0.0018533589253357126,True,
7,3,main_wrist_flex,0.03191629566808144,0.15820312500002842,0.3500420706612723,0.3451172849249211,0.014069125254137786,0.002006827906177705,True,
7,4,main_wrist_roll,0.06464558575066023,0.26367187500004263,0.11542900552555006,0.09606876117494977,0.16772425840847197,0.0130839530005151,True,
7,5,main_gripper,0.0,0.0,,,,,False,gripper_excluded
8,0,main_shoulder_pan,0.029329935559466242,0.11300223214286298,0.623888617127839,0.6191704082951368,0.007562582010909567,0.0011057016242801568,True,
8,1,main_shoulder_lift,0.039372962553694366,0.22600446428575083,0.7040477979518551,0.6960652145948621,0.011338127013840687,0.0013977216890303404,True,
8,2,main_elbow_flex,0.030686704679295167,0.14313616071424917,0.2406041769738556,0.2359615361845564,0.01929576139404965,0.002430133216117297,True,
8,3,main_wrist_flex,0.031115910204444198,0.11300223214283278,0.38587975921006634,0.3811406222562035,0.012281382582917362,0.001799830198865953,True,
8,4,main_wrist_roll,0.06738151271483764,0.33147321428575083,0.08795546145708528,0.069550261385316,0.20925590937578606,0.015034417003528552,True,
8,5,main_gripper,0.0,0.0,,,,,False,gripper_excluded
9,0,main_shoulder_pan,0.03947257687801907,0.15066964285716722,0.7360080824212938,0.7276576648446513,0.011345551463472442,0.0015800916477719039,True,
9,1,main_shoulder_lift,0.033989006088988576,0.19587053571424917,0.7381838421488918,0.7310748614006597,0.009630366234429434,0.0010347000852149568,True,
9,2,main_elbow_flex,0.025695713285744676,0.09793526785716722,0.18467570460119911,0.18144374534197752,0.017500727917626743,0.0019790175659696015,True,
9,3,main_wrist_flex,0.034914566036243516,0.18833705357143593,0.45396321009403307,0.4485317039954995,0.011964639375531055,0.0017011328941772192,True,
9,4,main_wrist_roll,0.07300576667985255,0.31640625000004263,0.18669312035089702,0.16577836094354564,0.11202747786335818,0.01263155387137944,True,
9,5,main_gripper,0.0,0.0,,,,,False,gripper_excluded
10,0,main_shoulder_pan,0.028553477386518766,0.1130022321428581,0.8098989861494008,0.8064711440296434,0.004232431671577759,0.0009609923170802592,True,
10,1,main_shoulder_lift,0.035085219228144615,0.12053571428567977,0.805258583187137,0.7986771365928287,0.00817308468574097,0.0009576759815355829,True,
10,2,main_elbow_flex,0.033049611757452774,0.1657366071428399,0.30831513562152624,0.30230224351761176,0.019502422713673178,0.0015290659178356374,True,
10,3,main_wrist_flex,0.031182136087266082,0.14313616071430602,0.29089633057607783,0.28606889256697754,0.016595046075487632,0.001714159498445281,True,
10,4,main_wrist_roll,0.06246863273360723,0.2712053571428896,0.20907666300352898,0.1919943596147598,0.08170353947384768,0.005554848598980189,True,
10,5,main_gripper,0.0,0.0,,,,,False,gripper_excluded
11,0,main_shoulder_pan,0.03667724177335512,0.14313616071431312,0.7964831386933557,0.7906764857745283,0.00729036515242914,0.0012642288785609844,True,
11,1,main_shoulder_lift,0.03645079876048203,0.14313616071432023,0.9203969514871843,0.913500412808651,0.0074930046947567115,0.0009542695800762538,True,
11,2,main_elbow_flex,0.031796581571821005,0.12806919642858006,0.25349951413704186,0.24817717662412966,0.020995454492409554,0.001601154839441883,True,
11,3,main_wrist_flex,0.03228054701711007,0.165736607142847,0.3339096876818328,0.32916041815908975,0.014223215731519691,0.0018282853183098386,True,
11,4,main_wrist_roll,0.08251968945178674,0.346540178571459,0.21517059553689472,0.18872071540485286,0.12292516115431103,0.0075735758395402576,True,
11,5,main_gripper,0.0,0.0,,,,,False,gripper_excluded
12,0,main_shoulder_pan,0.029380461118500314,0.11300223214288252,0.9485708679898248,0.9444053304819242,0.004391382498102704,0.000987140961388792,True,
12,1,main_shoulder_lift,0.03873633035532596,0.18080357142852677,1.363714135098773,1.3528359978132123,0.00797684573737497,0.0010052128727075175,True,
12,2,main_elbow_flex,0.03836930432469623,0.16573660714288962,0.556392545172758,0.5480372589392668,0.015016891052875188,0.0015609918720863633,True,
12,3,main_wrist_flex,0.034310481200913116,0.10546874999997158,0.2890479249179025,0.28278778330659143,0.02165779814225999,0.0025380054261429754,True,
12,4,main_wrist_roll,0.06489927328318722,0.27873883928576504,0.19443487794277575,0.17586242357230603,0.09552017913131715,0.009146633674904056,True,
12,5,main_gripper,0.0,0.0,,,,,False,gripper_excluded
13,0,main_shoulder_pan,0.041453064837268,0.2109375000000142,0.8766614973898744,0.8668984121750095,0.01113666477190227,0.0013301376794179651,True,
13,1,main_shoulder_lift,0.03908619091119093,0.18833705357138797,1.120546097828273,1.1113457841088283,0.008210562454570892,0.0010368840786752031,True,
13,2,main_elbow_flex,0.03101268317575903,0.1958705357142776,0.36905242884765593,0.36379785481132515,0.014238015050430302,0.0014950750647540188,True,
13,3,main_wrist_flex,0.03132888710199627,0.11300223214287541,0.3420940238317898,0.3370177871113096,0.01483871791626565,0.0018899104715029646,True,
13,4,main_wrist_roll,0.08373166040809552,0.36160714285718143,0.2559282099142653,0.227445375780239,0.11129228053276313,0.006775669912086745,True,
13,5,main_gripper,0.0,0.0,,,,,False,gripper_excluded
14,0,main_shoulder_pan,0.03524033312276297,0.14313616071426338,0.7741491510071117,0.7682876257162267,0.007571571038035241,0.0011732462733387006,True,
14,1,main_shoulder_lift,0.03180045727388933,0.13560267857143016,0.9992825878934962,0.9943321982583265,0.004953943654322243,0.0007778071216394779,True,
14,2,main_elbow_flex,0.028502725014058723,0.10546875000001066,0.3495558060426763,0.3452402244134068,0.012345901726325798,0.0013249005570433584,True,
14,3,main_wrist_flex,0.03193606751500132,0.1732700892857011,0.35091701120196966,0.34560256584083154,0.015144450657820635,0.001694566977722212,True,
14,4,main_wrist_roll,0.0866214808869732,0.3691406250000284,0.2002823304746833,0.1706062914982689,0.1481710288974574,0.008281611734800654,True,
14,5,main_gripper,0.0,0.0,,,,,False,gripper_excluded
15,0,main_shoulder_pan,0.04037549940868002,0.21847098214285787,0.7732879100569388,0.762772190403174,0.013598712092874244,0.0012818057697469253,True,
15,1,main_shoulder_lift,0.03227476573834906,0.18833705357147323,0.8005712665044282,0.7944293583611699,0.007671906799848094,0.0008879963416488131,True,
15,2,main_elbow_flex,0.028820287494487222,0.10546875000002842,0.3014069001917428,0.2969084190002365,0.014924944281781732,0.0015467577079695918,True,
15,3,main_wrist_flex,0.030065185610780542,0.15820312499998934,0.32111078585874536,0.31610453750373796,0.015590408592533609,0.0016924059199376986,True,
15,4,main_wrist_roll,0.07005488633644756,0.339006696428541,0.3756948768219348,0.3522936269141683,0.062287913281441405,0.004990773232047403,True,
15,5,main_gripper,0.0,0.0,,,,,False,gripper_excluded
16,0,main_shoulder_pan,0.030025374740615014,0.12053571428568688,0.9551114066328608,0.9509171130270455,0.00439141819131002,0.0009070219893671708,True,
16,1,main_shoulder_lift,0.031328011247228865,0.13560267857147323,0.9812776851792249,0.9754480971559889,0.005940813809672258,0.0008636967047922004,True,
16,2,main_elbow_flex,0.032882639718812494,0.14313616071431312,0.37477828644134187,0.36877635948110965,0.016014606975293923,0.0015636975295008312,True,
16,3,main_wrist_flex,0.03252606184343481,0.18080357142854098,0.2397434469035766,0.23477960737626738,0.020704797530109963,0.0022013798881071476,True,
16,4,main_wrist_roll,0.07045781042952164,0.36914062500004263,0.3260315846538877,0.30179211991403593,0.07434698317828374,0.005185291878037978,True,
16,5,main_gripper,0.0,0.0,,,,,False,gripper_excluded
17,0,main_shoulder_pan,0.03365779083449761,0.15066964285716722,0.7700022065103259,0.7648437718290796,0.006699246622453868,0.001031567464741378,True,
17,1,main_shoulder_lift,0.0366763084789244,0.23353794642852677,0.9586656794828528,0.9505901966346831,0.00842366950335167,0.0008573183205932935,True,
17,2,main_elbow_flex,0.03405941998613166,0.16573660714285054,0.3686490716818708,0.3620365641605513,0.017937133250197912,0.0013887749854137998,True,
17,3,main_wrist_flex,0.031783359398451706,0.1582031250000142,0.2690413418938132,0.26361917104182964,0.020153671602350234,0.0018563342216720712,True,
17,4,main_wrist_roll,0.08449746506499173,0.3616071428571104,0.31264343373090747,0.28689938939381204,0.08234314736721243,0.00542508097148756,True,
17,5,main_gripper,0.0,0.0,,,,,False,gripper_excluded
18,0,main_shoulder_pan,0.03246068425755152,0.15066964285716722,0.7145580311771482,0.71010939593959,0.00622571581797162,0.0010775681554386792,True,
18,1,main_shoulder_lift,0.03461869330212952,0.21093749999995737,0.7575497031211853,0.7513655582252805,0.00816335201561754,0.0009044862880373757,True,
18,2,main_elbow_flex,0.0278933124309388,0.1280691964285836,0.2144626749213785,0.21042382648233682,0.018832407273304354,0.0014676366050285115,True,
18,3,main_wrist_flex,0.03030952433233331,0.10546874999998579,0.29325932264328003,0.2891121895945799,0.014141521610703192,0.0016465496705216302,True,
18,4,main_wrist_roll,0.07140904656905164,0.3691406249999716,0.25604283437132835,0.23507483508817986,0.08189254479482706,0.004645856505585652,True,
18,5,main_gripper,0.0,0.0,,,,,False,gripper_excluded
19,0,main_shoulder_pan,0.031853079629535715,0.17327008928568688,0.9332284719769077,0.9285608203575503,0.005001617245420849,0.0010905153962644906,True,
19,1,main_shoulder_lift,0.030833985259978085,0.12806919642854098,0.8697319850906254,0.8640537552465609,0.006528712225609194,0.0009022417255451901,True,
19,2,main_elbow_flex,0.030803878839200733,0.14313616071430602,0.24394207313412525,0.23843658437055643,0.02256883649808851,0.0019719505636022075,True,
19,3,main_wrist_flex,0.02934352908532255,0.12806919642859782,0.3965799925757236,0.39222331986693687,0.01098560893223802,0.0015036062434712323,True,
19,4,main_wrist_roll,0.08571508844518672,0.34654017857147323,0.3072762290690094,0.27700580664104507,0.09851208640407419,0.00778428920971177,True,
19,5,main_gripper,0.0,0.0,,,,,False,gripper_excluded
20,0,main_shoulder_pan,0.04096083967467796,0.18080357142859071,1.0676420615882178,1.0580856261826255,0.008950973129867394,0.001233561916706108,True,
20,1,main_shoulder_lift,0.0320442276699582,0.13560267857147323,0.6473136568275261,0.6401978747571256,0.010992788419256837,0.001229101467701058,True,
20,2,main_elbow_flex,0.027609666296287777,0.13560267857145192,0.15714064770063418,0.1525558060350776,0.02917667537104141,0.002580125847132698,True,
20,3,main_wrist_flex,0.034955726220493644,0.21093750000002842,0.4109770505865422,0.4047323158712329,0.01519485019028902,0.0022036886523423113,True,
20,4,main_wrist_roll,0.08533162501619199,0.37667410714281857,0.28023598345790357,0.25006579723941985,0.10765992948587852,0.0073100749044484065,True,
20,5,main_gripper,0.0,0.0,,,,,False,gripper_excluded
21,0,main_shoulder_pan,0.029702701475620027,0.165736607142847,1.010825561668673,1.0064307249427868,0.0043477696771252365,0.0008800849038432169,True,
21,1,main_shoulder_lift,0.030578584675826335,0.15066964285718143,0.691586005978468,0.6856216233188441,0.008624209582126134,0.0011736008988464737,True,
21,2,main_elbow_flex,0.019699498113223794,0.12806919642859782,0.10205472529750009,0.09982827125718527,0.021816275863998258,0.0023493093484714075,True,
21,3,main_wrist_flex,0.028285489082444146,0.15066964285717432,0.38694963789922293,0.38217661424735516,0.012334999659854583,0.0015457498893052264,True,
21,4,main_wrist_roll,0.07104362536804186,0.30133928571424917,0.25804452708900716,0.23537814964643883,0.0878390163832075,0.005578777231896273,True,
21,5,main_gripper,0.0,0.0,,,,,False,gripper_excluded
22,0,main_shoulder_pan,0.03680690155594077,0.17327008928574372,0.9961597864866392,0.9897316605753383,0.006452906449849987,0.001255802956617373,True,
22,1,main_shoulder_lift,0.02787906570819147,0.14313616071432023,0.5961274853642122,0.5913395215583369,0.008031778308208764,0.0009944381881763949,True,
22,2,main_elbow_flex,0.02795261151525308,0.14313616071430602,0.12921960617110903,0.12507504307401374,0.03207379452625152,0.0025679656546468855,True,
22,3,main_wrist_flex,0.023933510266156012,0.12053571428575083,0.3150342041964358,0.3120274527123072,0.00954420645148035,0.0014428694817940303,True,
22,4,main_wrist_roll,0.08197958828167808,0.36914062499995737,0.30945029565064125,0.28211605758637337,0.0883315946000171,0.006166201237489562,True,
22,5,main_gripper,0.0,0.0,,,,,False,gripper_excluded
23,0,main_shoulder_pan,0.035063813426916626,0.13560267857145192,0.8284391907293757,0.8214610360778208,0.00842325511593809,0.0010761050231920387,True,
23,1,main_shoulder_lift,0.0303441329133663,0.12806919642861203,0.6657753398711669,0.6604795742149392,0.007954283283085352,0.0009948799443612612,True,
23,2,main_elbow_flex,0.02521185347814736,0.12806919642859071,0.12919349043699763,0.12610716013516807,0.023889209056818822,0.0022000520717572127,True,
23,3,main_wrist_flex,0.029576314013173798,0.15066964285715656,0.3068424163655164,0.3028289122988948,0.013080017144176826,0.0016528082761863435,True,
23,4,main_wrist_roll,0.08603829316429379,0.3390066964285978,0.32493217464116375,0.29670024392475797,0.08688561158212015,0.005296969545041956,True,
23,5,main_gripper,0.0,0.0,,,,,False,gripper_excluded
24,0,main_shoulder_pan,0.034582502863733294,0.15066964285714368,0.9537107629802487,0.9460241285713406,0.008059712343906247,0.0010590306221704953,True,
24,1,main_shoulder_lift,0.026615901991225255,0.15066964285709616,0.6822614872200796,0.677572163454295,0.00687320602675601,0.0008591197507526935,True,
24,2,main_elbow_flex,0.02626304632252518,0.12053571428575083,0.15014469688345508,0.14629149761055485,0.025663239214443596,0.0020869045417520656,True,
24,3,main_wrist_flex,0.03513658766624717,0.1657366071428683,0.426941651564378,0.4200385312484392,0.01616876753683964,0.0019534017364746478,True,
24,4,main_wrist_roll,0.08524986206417894,0.35407366071433444,0.3976295217772697,0.3674388167540061,0.0759267191437933,0.005656271258296255,True,
24,5,main_gripper,0.0,0.0,,,,,False,gripper_excluded
25,0,main_shoulder_pan,0.03217872733855238,0.12806919642854808,0.8797179909292007,0.8743250744252692,0.006130278747891945,0.001017482805548579,True,
25,1,main_shoulder_lift,0.028004525427504836,0.11300223214290384,0.4630111771620581,0.458639356205241,0.009442149936019622,0.0009545502527123335,True,
25,2,main_elbow_flex,0.02456464291991795,0.11300223214288252,0.14629598331685734,0.1431475434051988,0.021521027715705864,0.0020564081735595556,True,
25,3,main_wrist_flex,0.025102373236627392,0.09040178571432023,0.19198021689159595,0.18927873868701342,0.01407164888300938,0.0015958145218033428,True,
25,4,main_wrist_roll,0.07734823408557617,0.3239397321428896,0.34988397839458707,0.3273508055285542,0.06440184248911424,0.004563389193761262,True,
25,5,main_gripper,0.0,0.0,,,,,False,gripper_excluded
26,0,main_shoulder_pan,0.03553027394056208,0.18833705357141994,1.0632270993280015,1.0568470765394664,0.006000620932788037,0.0011034399303070808,True,
26,1,main_shoulder_lift,0.03244116269341467,0.18833705357138797,0.6727124017871116,0.6671342350873033,0.008292052718203855,0.0012099350705784568,True,
26,2,main_elbow_flex,0.027424487427035977,0.10546875000002842,0.13125505498494983,0.12771861166387738,0.026943292366743116,0.0027909419291985175,True,
26,3,main_wrist_flex,0.029019582332736896,0.10546875000004263,0.3322086550972678,0.3286191129949846,0.010805083032024713,0.0017940062313862545,True,
26,4,main_wrist_roll,0.09832111380218976,0.45200892857137376,0.3816185403646024,0.3472164419477624,0.09014786960814815,0.006571702899775936,True,
26,5,main_gripper,0.0,0.0,,,,,False,gripper_excluded
27,0,main_shoulder_pan,0.028737509727972895,0.13560267857145192,1.0596176472500232,1.0557852963072931,0.0036167300088630733,0.0009632858437802735,True,
27,1,main_shoulder_lift,0.034152646621037994,0.18080357142852677,1.0263712956355169,1.0186271114139756,0.007545207328451466,0.0011894124852889513,True,
27,2,main_elbow_flex,0.028304811716256643,0.13560267857145902,0.30559151011811203,0.3013586995152799,0.013851204836142715,0.002132161596165595,True,
27,3,main_wrist_flex,0.025523419274839376,0.09040178571432023,0.3441422592253375,0.3405556801375721,0.010421792127008047,0.0017867161040574316,True,
27,4,main_wrist_roll,0.08174492906070764,0.39927455357138797,0.2859550737911427,0.26044502668948477,0.08920998240545329,0.007224683811678079,True,
27,5,main_gripper,0.0,0.0,,,,,False,gripper_excluded
28,0,main_shoulder_pan,0.02600453271428335,0.1280691964285765,0.8345561529462472,0.8314815362733275,0.003684133969973464,0.0008581621882494485,True,
28,1,main_shoulder_lift,0.0343439782663251,0.28627232142861203,0.5909340451187417,0.5849848284535777,0.010067479973959842,0.0011301585145481441,True,
28,2,main_elbow_flex,0.02580748193370799,0.11300223214288962,0.18750427668872433,0.18410238736368412,0.0181429959098356,0.0018825633550519293,True,
28,3,main_wrist_flex,0.028043525507133137,0.15066964285718143,0.4568517131354647,0.4522694945673705,0.010029990993457213,0.0017547539718966428,True,
28,4,main_wrist_roll,0.06532696177354162,0.38420758928575083,0.30973312180067547,0.2913537666500362,0.05933932749519455,0.00405503240741671,True,
28,5,main_gripper,0.0,0.0,,,,,False,gripper_excluded
29,0,main_shoulder_pan,0.03647948965243332,0.15820312499999734,1.2238210749895717,1.2156180835096628,0.006702770239496637,0.0010838367270600323,True,
29,1,main_shoulder_lift,0.03740824108223582,0.21093749999995737,0.5679239398469431,0.5599153047871996,0.014101597939156819,0.0014359798051298148,True,
29,2,main_elbow_flex,0.026830718465657124,0.12053571428574372,0.23070714591777794,0.22614243162428915,0.019785751652077615,0.0021202804663633303,True,
29,3,main_wrist_flex,0.032893094064659914,0.18833705357145902,0.37583377450081873,0.37029040721065026,0.014749518713508783,0.0017215701503922865,True,
29,4,main_wrist_roll,0.07455324732614257,0.3842075892856798,0.4133999400381543,0.38806540916693694,0.06128334432965597,0.005014570885262354,True,
29,5,main_gripper,0.0,0.0,,,,,False,gripper_excluded
30,0,main_shoulder_pan,0.03842397460634298,0.18080357142855874,0.4962623702412985,0.49093744491370295,0.010730060643135999,0.0016498714423059928,True,
30,1,main_shoulder_lift,0.03323224693890698,0.15820312500001066,1.014500168760422,1.0076899478423693,0.006712882981945547,0.000769725733631953,True,
30,2,main_elbow_flex,0.031572924593606715,0.15820312499999734,0.47374817347848625,0.46852686498438506,0.011021274141837496,0.0010905080818939836,True,
30,3,main_wrist_flex,0.02584055781676069,0.12053571428568688,0.17236397939034112,0.16913715884183714,0.01872096803472157,0.002074679003922395,True,
30,4,main_wrist_roll,0.07254366726367002,0.3616071428571104,0.10358303897925389,0.08358852869323027,0.19302880551736093,0.012146224178946207,True,
30,5,main_gripper,0.0,0.0,,,,,False,gripper_excluded
31,0,main_shoulder_pan,0.03327214815021637,0.1582031250000009,0.5792425451320482,0.5738240830033228,0.009354392515298062,0.0016057802365475626,True,
31,1,main_shoulder_lift,0.04362976984767189,0.28627232142861203,1.0068431099890263,0.9940275304978238,0.012728477122262044,0.0008570399724447628,True,
31,2,main_elbow_flex,0.027664621912175624,0.12053571428572596,0.6455151863896105,0.6401737137109823,0.008274743633071152,0.0006553415984743675,True,
31,3,main_wrist_flex,0.031183441416862436,0.12806919642861203,0.2856815211100146,0.2799184520933537,0.020173054925878717,0.003058542471382777,True,
31,4,main_wrist_roll,0.05422105123543173,0.28627232142861203,0.27886056351802646,0.26374901097392234,0.05419035360705374,0.007105302564257665,True,
31,5,main_gripper,0.0,0.0,,,,,False,gripper_excluded
32,0,main_shoulder_pan,0.029144301833017198,0.13560267857145902,0.5499257256459007,0.5462436410265313,0.006695603510900801,0.0011553145595571402,True,
32,1,main_shoulder_lift,0.034966452031432046,0.19587053571432023,0.9860889525073656,0.9775346494973338,0.008674981083887458,0.0009050324029214776,True,
32,2,main_elbow_flex,0.030761225975112383,0.14313616071431312,0.36989492836391685,0.36492652557546673,0.013431930008951124,0.0013998720298588666,True,
32,3,main_wrist_flex,0.03058777157243617,0.12053571428572951,0.2825871995163684,0.27846740750953336,0.014578834476175242,0.0017255801786047694,True,
32,4,main_wrist_roll,0.07244341277674322,0.31640625000004263,0.14101905617871052,0.11719550281246308,0.1689385393138382,0.008037330625977796,True,
32,5,main_gripper,0.0,0.0,,,,,False,gripper_excluded
33,0,main_shoulder_pan,0.02471436055613498,0.14313616071431312,0.48816868177976175,0.4851157797049702,0.006253785195029888,0.0010327994777247808,True,
33,1,main_shoulder_lift,0.028371867303410746,0.15066964285711038,0.867013049724052,0.8622367553374852,0.005508907147461004,0.0006817690227653842,True,
33,2,main_elbow_flex,0.025063109681597053,0.09793526785717432,0.3385413367793245,0.3351630845068046,0.009978847205657513,0.000983915229670857,True,
33,3,main_wrist_flex,0.02422870153365285,0.10546875000002842,0.2426912703731384,0.2398616338481871,0.011659407940799553,0.001521298019332067,True,
33,4,main_wrist_roll,0.05071681677883758,0.24860491071432023,0.10041945629503515,0.0887082769341214,0.11662261271865473,0.006525086349614179,True,
33,5,main_gripper,0.0,0.0,,,,,False,gripper_excluded
34,0,main_shoulder_pan,0.03285402654481862,0.15066964285716722,0.600685729980469,0.5952637113161666,0.009026381672956768,0.001401659408967194,True,
34,1,main_shoulder_lift,0.03207970302229236,0.21847098214281857,1.3120353149414063,1.305628794642856,0.004882887088169943,0.0007763835505677506,True,
34,2,main_elbow_flex,0.03004363192856208,0.12806919642860493,0.5623626708984375,0.5574859183175218,0.008671899529043294,0.0011391216696943613,True,
34,3,main_wrist_flex,0.02874446548944564,0.09793526785711748,0.2752692626953125,0.27073282844387725,0.016479988383070892,0.001957104326378591,True,
34,4,main_wrist_roll,0.0656730763967594,0.3013392857143202,0.12710115966796878,0.1082194956253986,0.1485561901393777,0.011591674545044929,True,
34,5,main_gripper,0.0,0.0,,,,,False,gripper_excluded
35,0,main_shoulder_pan,0.029864891742262215,0.12806919642859071,0.5400898753479587,0.5353171615136749,0.008836888177562893,0.0013160279064147657,True,
35,1,main_shoulder_lift,0.036262965013585335,0.18833705357138797,1.046173133014987,1.0392531812166175,0.00661453786184207,0.0008796504913770678,True,
35,2,main_elbow_flex,0.02580739311314061,0.09793526785716722,0.44766172909428803,0.44422014012330724,0.007687923151134307,0.0009694592857456051,True,
35,3,main_wrist_flex,0.026860290344327308,0.11300223214287541,0.20602523895761762,0.202164466631308,0.018739317308127706,0.0020586040337726126,True,
35,4,main_wrist_roll,0.059364934934519324,0.31640625000004263,0.10512556286465867,0.09159162547478109,0.12874068895404175,0.007212462247712886,True,
35,5,main_gripper,0.0,0.0,,,,,False,gripper_excluded
36,0,main_shoulder_pan,0.02649839801962412,0.14313616071428115,0.5307240667036383,0.5271675715975459,0.006701213171247298,0.0011635217158025137,True,
36,1,main_shoulder_lift,0.033838891220290546,0.2661830357142776,0.852662352709618,0.8475350123314003,0.006013330319937179,0.0007532032310024835,True,
36,2,main_elbow_flex,0.03635313682218874,0.2712053571428612,0.5436191254704851,0.5373899195231182,0.011458768934915023,0.0011846610645235552,True,
36,3,main_wrist_flex,0.0321072567061161,0.14313616071424917,0.13021222811005875,0.12468485510301673,0.04244895496581275,0.002708165809274502,True,
36,4,main_wrist_roll,0.04323812798408386,0.23353794642861203,0.07332826120789677,0.06523312268082188,0.11039588821183077,0.006722705886704199,True,
36,5,main_gripper,0.0,0.0,,,,,False,gripper_excluded
37,0,main_shoulder_pan,0.033862788725749,0.17327008928573662,0.7776858514074695,0.7733677734923621,0.005552470714611147,0.0014280594681945608,True,
37,1,main_shoulder_lift,0.033206611159166836,0.20340401785711038,1.0675377200974125,1.0612109377139216,0.005926518814636001,0.0008526541595370159,True,
37,2,main_elbow_flex,0.02672120045150582,0.10546875000002132,0.38256827612288047,0.3787522461958609,0.009974768335976365,0.0011633608441960297,True,
37,3,main_wrist_flex,0.03032070075364899,0.15066964285711038,0.3125174711195369,0.3084487075374244,0.013019315584299642,0.001865070575073138,True,
37,4,main_wrist_roll,0.04864267358757265,0.24860491071424917,0.12687892654838046,0.1159386874204257,0.08622581720679284,0.007134435801164698,True,
37,5,main_gripper,0.0,0.0,,,,,False,gripper_excluded
38,0,main_shoulder_pan,0.04122835245304073,0.15820312500002842,0.5858894785266263,0.5775903738874246,0.014164966164048519,0.0016924218086388286,True,
38,1,main_shoulder_lift,0.0319927623452343,0.15066964285709616,1.145961694883884,1.1395698425830345,0.005577718984313127,0.0007475340595244224,True,
38,2,main_elbow_flex,0.025478110690840966,0.11300223214283278,0.47937825980745047,0.4763823621005454,0.006249548546712167,0.0008996940478416134,True,
38,3,main_wrist_flex,0.02811248156760683,0.12053571428575083,0.1922710119149662,0.18808758685422222,0.0217579603866346,0.0021796253269393516,True,
38,4,main_wrist_roll,0.05655793218782753,0.3239397321428896,0.09213498806753416,0.0805860816924134,0.1253476732059217,0.005878798175337704,True,
38,5,main_gripper,0.0,0.0,,,,,False,gripper_excluded
39,0,main_shoulder_pan,0.02840533262777504,0.12053571428574372,0.7507877242606406,0.7470907440647527,0.004924135113594895,0.001277423434008639,True,
39,1,main_shoulder_lift,0.034312400420563424,0.17327008928566556,1.7199409709257238,1.7125347696146318,0.004306078776125557,0.0008069291152771525,True,
39,2,main_elbow_flex,0.024781737747678733,0.09793526785718143,0.7772245860842272,0.7731009542096017,0.005305585989502685,0.000872809479189277,True,
39,3,main_wrist_flex,0.02859221183165903,0.14313616071424917,0.24122266538415402,0.2374174086928543,0.01577487208857318,0.0024285897207486622,True,
39,4,main_wrist_roll,0.061768033297852125,0.42187499999995737,0.2803534628198221,0.2628683111053275,0.06236823878908885,0.005682302061094876,True,
39,5,main_gripper,0.0,0.0,,,,,False,gripper_excluded
40,0,main_shoulder_pan,0.028471478039043766,0.13560267857142816,0.49401347885800323,0.4899633896344635,0.008198337488487552,0.0012597297225426243,True,
40,1,main_shoulder_lift,0.030655014945425937,0.24860491071433444,0.45127652733191026,0.44634307376906546,0.010932218416085018,0.0009347952413434427,True,
40,2,main_elbow_flex,0.026234317128804394,0.13560267857145902,0.184985101907906,0.18125116413211811,0.020185072945208434,0.0018299211922546488,True,
40,3,main_wrist_flex,0.028864899443257555,0.11300223214288252,0.31558428600717303,0.3114239766414789,0.013182878711519729,0.0015996864583857652,True,
40,4,main_wrist_roll,0.05826150063742177,0.2862723214285481,0.12821109729469318,0.1149796301496158,0.1032006388235244,0.004515508014028287,True,
40,5,main_gripper,0.0,0.0,,,,,False,gripper_excluded
41,0,main_shoulder_pan,0.031281740518319834,0.15066964285716722,0.40610375608356497,0.40029216482309266,0.014310607014618327,0.0012671674634304197,True,
41,1,main_shoulder_lift,0.034043548766974595,0.21093750000004263,0.5101926852793022,0.5030942057484528,0.013913330660480535,0.0012168781456737496,True,
41,2,main_elbow_flex,0.02861262055380503,0.19587053571430602,0.14553190786627274,0.1413656849172557,0.028627556733780427,0.002442266979226067,True,
41,3,main_wrist_flex,0.023474351734489633,0.12053571428567977,0.21459845047962817,0.21202132142011992,0.012009075805292872,0.0011799866949603565,True,
41,4,main_wrist_roll,0.07916742944429905,0.3616071428571743,0.17903503212594887,0.15438260475415833,0.13769610940973762,0.00587548448468145,True,
41,5,main_gripper,0.0,0.0,,,,,False,gripper_excluded
42,0,main_shoulder_pan,0.04641018679244516,0.21093750000000033,0.711307844378539,0.7014809648921668,0.013815227210038434,0.0018358809672727682,True,
42,1,main_shoulder_lift,0.034826940552164946,0.21847098214281857,0.8225757342118484,0.814486016658261,0.009834617308932057,0.001184863158642767,True,
42,2,main_elbow_flex,0.02664382221169693,0.12806919642859782,0.3500096626667934,0.3462185568634277,0.010831431836711402,0.0017879515706415695,True,
42,3,main_wrist_flex,0.027244905287280113,0.09793526785718143,0.21074004636625565,0.2072629030232028,0.016499680070344823,0.001832721384097988,True,
42,4,main_wrist_roll,0.07997572453682632,0.4595424107143202,0.18324312373731264,0.15641070224138687,0.14643071428094223,0.009182604205250699,True,
42,5,main_gripper,0.0,0.0,,,,,False,gripper_excluded
43,0,main_shoulder_pan,0.04299437746055246,0.1883370535714448,0.47349089900989066,0.4627558092477845,0.02267221985587086,0.0018806347257456035,True,
43,1,main_shoulder_lift,0.027972696745635035,0.15066964285709616,0.46308300506447164,0.458281832767969,0.01036784387246988,0.0009684514119297496,True,
43,2,main_elbow_flex,0.020733462385996625,0.07533482142860493,0.09341099997987612,0.09105864969895491,0.025182797330378454,0.001968044162070144,True,
43,3,main_wrist_flex,0.025250140293641386,0.08286830357145902,0.3073591970802438,0.30363409705083044,0.012119695993482218,0.0014548965673597649,True,
43,4,main_wrist_roll,0.07546294196574051,0.3390066964286049,0.1177838376631878,0.09577393692138177,0.18686690108319517,0.006251264611753817,True,
43,5,main_gripper,0.0,0.0,,,,,False,gripper_excluded
44,0,main_shoulder_pan,0.03108871271905182,0.13560267857145902,0.6872634610896531,0.6816942927895281,0.00810339646355577,0.0013402624810744856,True,
44,1,main_shoulder_lift,0.03042503505561703,0.13560267857147323,0.6301590077052416,0.625071570964127,0.008073258778987763,0.0010155943815956258,True,
44,2,main_elbow_flex,0.028634037721044826,0.13560267857145192,0.2095178198154432,0.2051444002155494,0.020873735722079432,0.002604106803728054,True,
44,3,main_wrist_flex,0.03239915233776653,0.14313616071427404,0.3293363422003205,0.32451044641291815,0.01465339584195345,0.00180899466675626,True,
44,4,main_wrist_roll,0.06146954745506604,0.3540736607142634,0.23023459386582085,0.21553299436695827,0.06385486755926247,0.004300124259090006,True,
44,5,main_gripper,0.0,0.0,,,,,False,gripper_excluded
45,0,main_shoulder_pan,0.03516033793606046,0.16573660714288252,0.7177031567631934,0.7125171141593066,0.0072258879663781575,0.00137410546025219,True,
45,1,main_shoulder_lift,0.04425740946304977,0.27873883928575083,0.7551059497132594,0.7440513694251584,0.014639773785783097,0.00156595971098866,True,
45,2,main_elbow_flex,0.031271455546640396,0.14313616071424917,0.27403041294642855,0.2687622964486433,0.019224568693457886,0.0024634144530071224,True,
45,3,main_wrist_flex,0.02680582821382156,0.09793526785716722,0.2962550891175562,0.2925352040949783,0.012556358217029108,0.0018673073989885415,True,
45,4,main_wrist_roll,0.07273812888731997,0.3766741071428896,0.2054282838471082,0.1831689701135928,0.10835564274139635,0.006311835257863582,True,
45,5,main_gripper,0.0,0.0,,,,,False,gripper_excluded
46,0,main_shoulder_pan,0.041147138758673305,0.21847098214283278,0.7269334270282595,0.7192545612553446,0.010563368648909803,0.0017800252505316395,True,
46,1,main_shoulder_lift,0.030534073621731432,0.17327008928567977,0.8277359729903857,0.8216041981421983,0.00740788735571676,0.0009667604628699107,True,
46,2,main_elbow_flex,0.02303179156414027,0.11300223214287541,0.23326542066491168,0.22982764798344585,0.01473760093402027,0.0016273041307805697,True,
46,3,main_wrist_flex,0.02931725856162626,0.14313616071425628,0.3327242701626004,0.3274351866496094,0.015896296084461366,0.001983008795998134,True,
46,4,main_wrist_roll,0.07335801849617156,0.36160714285718143,0.17498401432722413,0.15176767063961305,0.13267694067296903,0.007721244342987938,True,
46,5,main_gripper,0.0,0.0,,,,,False,gripper_excluded
47,0,main_shoulder_pan,0.03081999207329875,0.13560267857141994,0.6289249584236893,0.6241828097349149,0.007540086659400426,0.0012450174722944578,True,
47,1,main_shoulder_lift,0.02952399589803766,0.16573660714288962,0.6036984390504402,0.5987094972030804,0.008263963470249965,0.0009848452989967942,True,
47,2,main_elbow_flex,0.02489863712841541,0.12806919642859782,0.1967124234111615,0.1933256409734714,0.01721692193589191,0.0019611795525155892,True,
47,3,main_wrist_flex,0.02856569917170847,0.14313616071432023,0.27455105358791315,0.27023897827108573,0.015705914293447313,0.0016116709823061658,True,
47,4,main_wrist_roll,0.06472999644181969,0.30887276785718143,0.1395905254161245,0.12285404775454346,0.11989694581125022,0.00785695999942766,True,
47,5,main_gripper,0.0,0.0,,,,,False,gripper_excluded
48,0,main_shoulder_pan,0.026603875547747,0.1054687500000071,0.8260297179222107,0.8219063766148618,0.004991759034675835,0.0010507136792781684,True,
48,1,main_shoulder_lift,0.0441487059297581,0.33147321428575083,0.834166944026947,0.8235516497067036,0.012725623325467717,0.0015625836630095487,True,
48,2,main_elbow_flex,0.029389113746802767,0.15820312500002842,0.2802585959434509,0.27533156409555526,0.017580305900375733,0.0023261076619394633,True,
48,3,main_wrist_flex,0.030491783135733194,0.15066964285715656,0.3337526321411133,0.32889885415836223,0.014543040309862889,0.0018368293988851067,True,
48,4,main_wrist_roll,0.06595485073178958,0.29380580357147323,0.21861553192138672,0.20085929948456413,0.0812212759119405,0.006526030109638206,True,
48,5,main_gripper,0.0,0.0,,,,,False,gripper_excluded
49,0,main_shoulder_pan,0.034187001901297885,0.15820312500002842,0.7138645648956299,0.7080496163270904,0.008145730793332837,0.0014268585519023433,True,
49,1,main_shoulder_lift,0.030539806718942075,0.17327008928575083,0.5350556373596191,0.5297937502179823,0.009834280351858612,0.0010171441878605984,True,
49,2,main_elbow_flex,0.024467734569595414,0.10546875000002132,0.17844180822372435,0.17475529957790747,0.020659444569149716,0.002091799526272102,True,
49,3,main_wrist_flex,0.027609386180808517,0.10546875000004263,0.3768090605735779,0.37281873231031426,0.0105897885183269,0.001462896070785491,True,
49,4,main_wrist_roll,0.06878674450528272,0.2787388392856798,0.211720227599144,0.1903135248957845,0.10110844365749223,0.005731335039086721,True,
49,5,main_gripper,0.0,0.0,,,,,False,gripper_excluded
